{
  "tombstone:tutorial/root": {
    "criteria": {
      "auto": "2019-11-16 13:24:20 -0500"
    },
    "done": true
  },
  "minecraft:recipes/transportation/dark_oak_boat": {
    "criteria": {
      "entered_water": "2019-12-06 21:43:30 -0500"
    },
    "done": true
  },
  "minecraft:husbandry/root": {
    "criteria": {
      "consumed_item": "2020-06-27 21:12:26 -0400"
    },
    "done": true
  },
  "minecraft:recipes/decorations/chest": {
    "criteria": {
      "has_lots_of_items": "2019-11-16 13:25:58 -0500"
    },
    "done": true
  },
  "minecraft:recipes/transportation/birch_boat": {
    "criteria": {
      "entered_water": "2019-12-06 21:43:30 -0500"
    },
    "done": true
  },
  "mysticalworld:root": {
    "criteria": {
      "auto": "2019-11-16 13:24:20 -0500"
    },
    "done": true
  },
  "minecraft:recipes/transportation/acacia_boat": {
    "criteria": {
      "entered_water": "2019-12-06 21:43:30 -0500"
    },
    "done": true
  },
  "nuclearcraft:root": {
    "criteria": {
      "location": "2019-11-16 13:24:20 -0500"
    },
    "done": true
  },
  "astralsorcery:root": {
    "criteria": {
      "astralsorcery_present": "2019-11-16 13:24:24 -0500"
    },
    "done": true
  },
  "naturesaura:root": {
    "criteria": {
      "book": "2020-05-10 20:10:00 -0400"
    },
    "done": true
  },
  "projecte:klein_star_omega": {
    "criteria": {
      "klein_star": "2020-05-10 20:04:28 -0400"
    },
    "done": true
  },
  "ic2:recipes/end_crystal_recipes": {
    "criteria": {
      "has_item": "2020-10-26 21:40:32 -0400"
    },
    "done": true
  },
  "minecraft:recipes/combat/arrow": {
    "criteria": {
      "has_feather": "2019-11-16 13:25:58 -0500"
    },
    "done": true
  },
  "minecraft:recipes/transportation/boat": {
    "criteria": {
      "entered_water": "2019-12-06 21:43:30 -0500"
    },
    "done": true
  },
  "naturesaura:get_book": {
    "criteria": {
      "book": "2020-05-10 20:10:00 -0400"
    },
    "done": true
  },
  "minecraft:recipes/transportation/jungle_boat": {
    "criteria": {
      "entered_water": "2019-12-06 21:43:30 -0500"
    },
    "done": true
  },
  "minecraft:recipes/misc/beacon": {
    "criteria": {
      "has_nether_star": "2020-05-10 19:54:40 -0400"
    },
    "done": true
  },
  "minecraft:recipes/transportation/spruce_boat": {
    "criteria": {
      "entered_water": "2019-12-06 21:43:30 -0500"
    },
    "done": true
  },
  "twilightforest:alt/compat/tconstruct": {
    "criteria": {
      "book": "2019-11-16 13:24:17 -0500"
    },
    "done": true
  },
  "minecraft:adventure/adventuring_time": {
    "criteria": {
      "forest": "2020-10-26 21:37:42 -0400",
      "birch_forest": "2019-11-16 13:25:50 -0500",
      "swampland": "2020-05-09 20:48:19 -0400",
      "deep_ocean": "2020-09-19 15:50:25 -0400",
      "beaches": "2019-11-16 13:25:44 -0500",
      "forest_hills": "2019-11-23 20:24:15 -0500",
      "plains": "2019-11-16 13:24:20 -0500",
      "birch_forest_hills": "2020-04-18 20:23:14 -0400",
      "ocean": "2019-11-23 20:24:40 -0500",
      "roofed_forest": "2020-02-02 20:06:36 -0500",
      "river": "2019-11-23 20:24:37 -0500"
    },
    "done": false
  },
  "roots:root": {
    "criteria": {
      "auto": "2019-11-16 13:24:20 -0500"
    },
    "done": true
  },
  "prodigytech:recipes/zorrasteel_ingot": {
    "criteria": {
      "has_material": "2020-05-10 20:07:09 -0400"
    },
    "done": true
  }
}