{
	"biome": "minecraft:plains",
	"generationWeight": 8,
	"useDefaultDecorations": true,
	"isSubBiome": false,
	"blocks": {},
	"entities": [
		{
			"spawnWeight": 100,
			"minimumGroupCount": 4,
			"maximumGroupCount": 4,
			"entity": "minecraft:spider"
		}, 
		{
			"spawnWeight": 95,
			"minimumGroupCount": 4,
			"maximumGroupCount": 4,
			"entity": "minecraft:zombie"
		}, 
		{
			"spawnWeight": 5,
			"minimumGroupCount": 1,
			"maximumGroupCount": 1,
			"entity": "minecraft:zombie_villager"
		}, 
		{
			"spawnWeight": 100,
			"minimumGroupCount": 4,
			"maximumGroupCount": 4,
			"entity": "minecraft:skeleton"
		}, 
		{
			"spawnWeight": 100,
			"minimumGroupCount": 4,
			"maximumGroupCount": 4,
			"entity": "minecraft:creeper"
		}, 
		{
			"spawnWeight": 100,
			"minimumGroupCount": 4,
			"maximumGroupCount": 4,
			"entity": "minecraft:slime"
		}, 
		{
			"spawnWeight": 10,
			"minimumGroupCount": 1,
			"maximumGroupCount": 4,
			"entity": "minecraft:enderman"
		}, 
		{
			"spawnWeight": 5,
			"minimumGroupCount": 1,
			"maximumGroupCount": 1,
			"entity": "minecraft:witch"
		}, 
		{
			"spawnWeight": 80,
			"minimumGroupCount": 1,
			"maximumGroupCount": 1,
			"entity": "quark:stoneling"
		}, 
		{
			"spawnWeight": 10,
			"minimumGroupCount": 1,
			"maximumGroupCount": 2,
			"entity": "quark:dweller"
		}, 
		{
			"spawnWeight": 10,
			"minimumGroupCount": 1,
			"maximumGroupCount": 2,
			"entity": "quark:ashen"
		}, 
		{
			"spawnWeight": 25,
			"minimumGroupCount": 1,
			"maximumGroupCount": 1,
			"entity": "embers:ancient_golem"
		}, 
		{
			"spawnWeight": 20,
			"minimumGroupCount": 1,
			"maximumGroupCount": 3,
			"entity": "abyssalcraft:evilpig"
		}, 
		{
			"spawnWeight": 20,
			"minimumGroupCount": 1,
			"maximumGroupCount": 3,
			"entity": "abyssalcraft:evilcow"
		}, 
		{
			"spawnWeight": 20,
			"minimumGroupCount": 1,
			"maximumGroupCount": 3,
			"entity": "abyssalcraft:evilchicken"
		}, 
		{
			"spawnWeight": 20,
			"minimumGroupCount": 1,
			"maximumGroupCount": 3,
			"entity": "abyssalcraft:evilsheep"
		}, 
		{
			"spawnWeight": 40,
			"minimumGroupCount": 1,
			"maximumGroupCount": 3,
			"entity": "mekanism:babyskeleton"
		}, 
		{
			"spawnWeight": 12,
			"minimumGroupCount": 4,
			"maximumGroupCount": 4,
			"entity": "minecraft:sheep"
		}, 
		{
			"spawnWeight": 10,
			"minimumGroupCount": 4,
			"maximumGroupCount": 4,
			"entity": "minecraft:pig"
		}, 
		{
			"spawnWeight": 10,
			"minimumGroupCount": 4,
			"maximumGroupCount": 4,
			"entity": "minecraft:chicken"
		}, 
		{
			"spawnWeight": 8,
			"minimumGroupCount": 4,
			"maximumGroupCount": 4,
			"entity": "minecraft:cow"
		}, 
		{
			"spawnWeight": 5,
			"minimumGroupCount": 2,
			"maximumGroupCount": 6,
			"entity": "minecraft:horse"
		}, 
		{
			"spawnWeight": 1,
			"minimumGroupCount": 1,
			"maximumGroupCount": 3,
			"entity": "minecraft:donkey"
		}, 
		{
			"spawnWeight": 6,
			"minimumGroupCount": 2,
			"maximumGroupCount": 4,
			"entity": "mysticalworld:entity_deer"
		}, 
		{
			"spawnWeight": 5,
			"minimumGroupCount": 2,
			"maximumGroupCount": 4,
			"entity": "mysticalworld:entity_beetle"
		}, 
		{
			"spawnWeight": 10,
			"minimumGroupCount": 3,
			"maximumGroupCount": 5,
			"entity": "chickens:chickenschicken"
		}, 
		{
			"spawnWeight": 10,
			"minimumGroupCount": 8,
			"maximumGroupCount": 8,
			"entity": "minecraft:bat"
		}, 
		{
			"spawnWeight": 10,
			"minimumGroupCount": 4,
			"maximumGroupCount": 4,
			"entity": "minecraft:squid"
		}
	],
	"traits": [],
	"subBiomes": []
}