{"stat.chestOpened":3,"stat.useItem.minecraft.air":32,"stat.walkOneCm":94626,"stat.useItem.extendedcrafting.recipe_maker":3,"stat.recordPlayed":3,"stat.pickup.extendedcrafting.recipe_maker":3,"stat.leaveGame":23,"stat.pickup.extendedcrafting.crafting_core":13,"stat.useItem.minecraft.potion":1,"stat.jump":1191,"stat.swimOneCm":1318,"stat.climbOneCm":71,"stat.drop.minecraft.sapling":2,"stat.crouchOneCm":5482,"stat.pickup.minecraft.sapling":3,"stat.sprintOneCm":275977,"stat.pickup.contenttweaker.adg_core":7,"stat.useItem.extendedcrafting.pedestal":10,"stat.pickup.plustic.osgloglasblock":1,"stat.pickup.mysticalworld.silkworm_egg":1,"stat.pickup.minecraft.feather":1,"stat.pickup.minecraft.record_cat":3,"stat.drop.contenttweaker.adg_core":7,"stat.pickup.minecraft.end_crystal":1,"stat.flyOneCm":2441952,"stat.drop":9,"stat.playOneMinute":225133,"stat.pickup.mysticalworld.aubergine_seed":1,"stat.sneakTime":1687,"stat.damageDealt":140,"stat.pickup.extendedcrafting.pedestal":12,"stat.timeSinceDeath":225133,"stat.pickup.roots.terra_spores":1}