{"stat.chestOpened":5,"stat.useItem.extendedcrafting.recipe_maker":13,"stat.recordPlayed":3,"stat.mineBlock.botania.doubleflower2":1,"stat.useItem.minecraft.stone":131,"stat.pickup.extendedcrafting.recipe_maker":3,"stat.leaveGame":42,"stat.pickup.extendedcrafting.crafting_core":13,"stat.useItem.minecraft.potion":2,"stat.pickup.ic2.te":1,"stat.jump":5134,"stat.swimOneCm":12610,"stat.climbOneCm":71,"stat.pickup.minecraft.carrot":2,"stat.crouchOneCm":12327,"stat.useItem.minecraft.dirt":201,"stat.useItem.extendedcrafting.pedestal":10,"stat.pickup.mysticalworld.silkworm_egg":1,"stat.pickup.minecraft.feather":1,"stat.damageTaken":410,"stat.pickup.minecraft.record_cat":3,"stat.pickup.minecraft.written_book":23,"stat.pickup.minecraft.end_crystal":1,"stat.useItem.extrautils2.itemcreativebuilderswand":24,"stat.flyOneCm":4675197,"stat.pickup.minecraft.wheat_seeds":1,"stat.pickup.steamworld.block_obilisk":1,"stat.damageDealt":150,"stat.mineBlock.extrautils2.drum":2,"stat.timeSinceDeath":21471,"stat.useItem.minecraft.air":89,"stat.walkOneCm":421329,"stat.pickup.immersiveengineering.seed":2,"stat.pickup.roots.wildroot":1,"stat.pickup.harvestcraft.cornitem":1,"stat.useItem.minecraft.lava_bucket":2,"stat.drop.minecraft.sapling":2,"stat.pickup.minecraft.sapling":5,"stat.sprintOneCm":1087837,"stat.pickup.contenttweaker.adg_core":7,"stat.pickup.harvestcraft.parsnipitem":1,"stat.pickup.extrautils2.drum":2,"stat.pickup.harvestcraft.queenbeeitem":1,"stat.pickup.plustic.osgloglasblock":1,"stat.useItem.minecraft.diamond_pickaxe":2,"stat.drop.contenttweaker.adg_core":7,"stat.pickup.enderio.item_alloy_endergy_ingot":1,"stat.drop.enderio.item_alloy_endergy_ingot":1,"stat.pickup.harvestcraft.mustardseedsitem":1,"stat.deaths":1,"stat.drop":10,"stat.playOneMinute":730157,"stat.pickup.mysticalworld.aubergine_seed":1,"stat.pickup.minecraft.red_flower":2,"stat.sneakTime":3547,"stat.pickup.rustic.chili_pepper_seeds":1,"stat.pickup.extendedcrafting.pedestal":12,"stat.pickup.roots.terra_spores":1,"stat.diveOneCm":15905,"stat.pickup.minecraft.wheat":1,"stat.useItem.extendedcrafting.table_advanced":1}